epoch,train_loss,val_loss,map50,map50_95,learning_rate
1,11.075239125424368,1.3455566305155848,nan,nan,2e-05
2,1.1417119659529142,0.9605484513772858,0.15966516733169556,0.11439159512519836,2e-05
3,0.8345001427551964,0.748795828544626,nan,nan,2e-05
4,0.6671925320947097,0.639863772792559,0.5216606259346008,0.38880497217178345,2e-05
5,0.5647940692238524,0.5574922033287342,nan,nan,2e-05
6,0.4940041195151752,0.5038455958703375,0.7530503273010254,0.5743981003761292,2e-05
7,0.4450024658246518,0.47746676155457307,nan,nan,2e-05
8,0.40375379470837874,0.4406326899390205,0.9218814969062805,0.7207453846931458,2e-05
9,0.37491733022262713,0.4159488476861536,nan,nan,2e-05
10,0.35019596375997325,0.40444424597461237,0.9272730350494385,0.7411737442016602,2e-05
